id,label
0,31676.46 437848.0
1,20683.0 331784.0
2,12116.39 279804.0
3,8789.3 251492.0
4,8222.45 248527.0
5,10022.65 291692.0
6,21327.29 411474.0
7,31918.41 513444.0
8,42232.59 572494.0
9,51755.95 614636.0
10,54451.82 624753.0
11,58574.99 638299.0
12,60109.96 627544.0
13,56727.07 600896.0
14,52807.8 589587.0
15,53115.62 598960.0
16,50511.14 621220.0
17,50732.51 625013.0
18,55384.9 640559.0
19,61983.24 655387.0
20,70204.97 682669.0
21,68018.85 680851.0
22,66273.55 625310.0
23,45978.2 500088.0
24,1749.21 35315.0
25,1187.07 30819.0
26,748.86 29077.0
27,612.9 28362.0
28,713.48 29322.0
29,910.89 34026.0
30,2545.02 46071.0
31,3792.98 56830.0
32,4757.26 62047.0
33,5598.47 64434.0
34,5746.06 64452.0
35,5734.13 63323.0
36,5499.06 62190.0
37,5164.88 60451.0
38,5324.59 59540.0
39,4854.53 60086.0
40,4601.15 61346.0
41,4614.97 62472.0
42,5989.38 68879.0
43,7676.03 71973.0
44,7843.89 70192.0
45,7040.54 62608.0
46,5067.18 51502.0
47,2675.51 42581.0
48,2030.6 29676.0
49,1294.81 23776.0
50,930.54 21751.0
51,533.04 21145.0
52,697.67 21742.0
53,1408.65 27327.0
54,3788.59 41742.0
55,4625.55 46200.0
56,5210.21 49483.0
57,6191.18 51978.0
58,6897.43 53112.0
59,7086.83 53001.0
60,5914.77 51048.0
61,5776.43 49009.0
62,5165.82 47503.0
63,4664.23 46982.0
64,4853.83 47511.0
65,5776.74 50770.0
66,6805.15 53816.0
67,7318.17 54211.0
68,6927.81 50132.0
69,5130.46 41429.0
70,3386.62 31855.0
71,25270.55 377239.0
72,15744.36 283595.0
73,12390.33 244685.0
74,6460.69 231159.0
75,6380.53 231962.0
76,9013.26 300487.0
77,21212.93 464159.0
78,28153.19 562132.0
79,28831.95 520854.0
80,34275.52 553879.0
81,36380.69 555792.0
82,42476.05 630447.0
83,46313.05 645178.0
84,34221.83 533506.0
85,35261.32 542962.0
86,43208.51 569324.0
87,38794.66 621612.0
88,47018.47 626589.0
89,48436.2 654631.0
90,60187.84 651432.0
91,67425.2 712147.0
92,74749.32 699156.0
93,73253.59 658090.0
94,56684.72 531325.0
95,1543.74 33743.0
96,798.22 30071.0
97,461.71 28390.0
98,537.38 27716.0
99,530.67 28679.0
100,995.26 35609.0
101,2027.8 50395.0
102,3083.85 60447.0
103,3839.99 63101.0
104,4498.2 65508.0
105,4386.35 64603.0
106,5487.84 67355.0
107,4998.43 62565.0
108,5140.99 62679.0
109,4794.64 63607.0
110,4092.33 63620.0
111,4462.74 64810.0
112,4367.93 63827.0
113,5402.89 69199.0
114,6888.32 72119.0
115,7824.71 70525.0
116,7169.43 63979.0
117,5476.04 52840.0
118,3430.45 41865.0
119,1588.13 25936.0
120,975.62 21676.0
121,559.97 20173.0
122,405.42 19830.0
123,452.68 20885.0
124,1144.17 28827.0
125,2014.55 33425.0
126,2377.52 31535.0
127,2653.52 32612.0
128,2974.71 34755.0
129,2886.24 34492.0
130,3777.72 37110.0
131,4087.16 37914.0
132,3695.93 35539.0
133,3258.92 34766.0
134,3194.07 35232.0
135,3097.91 36691.0
136,3691.77 41147.0
137,4882.8 46013.0
138,6122.88 50853.0
139,7720.16 52577.0
140,7001.4 49479.0
141,5126.49 40457.0
142,3051.09 31147.0
143,24462.25 388672.0
144,14715.85 297122.0
145,10687.93 258527.0
146,6864.88 243370.0
147,7029.32 244193.0
148,12981.28 319301.0
149,26244.68 487882.0
150,29158.83 584861.0
151,29325.69 529324.0
152,36778.1 565505.0
153,34968.12 577154.0
154,42776.45 643626.0
155,47492.26 658171.0
156,34452.21 538116.0
157,36646.9 547710.0
158,34894.05 578470.0
159,38908.46 622823.0
160,44887.84 656372.0
161,47942.31 671351.0
162,57315.75 671337.0
163,73488.48 733872.0
164,76851.99 719727.0
165,72810.8 674199.0
166,55104.26 543890.0
167,1589.29 34131.0
168,890.47 30238.0
169,424.53 28645.0
170,540.24 28002.0
171,624.5 29105.0
172,1062.27 35285.0
173,2149.35 51559.0
174,3114.07 60826.0
175,4375.29 64748.0
176,4743.01 66523.0
177,4557.56 66305.0
178,5547.72 67937.0
179,5231.72 64112.0
180,4710.21 62747.0
181,4648.54 63264.0
182,3942.13 63393.0
183,4317.74 64608.0
184,4405.25 64940.0
185,5303.17 69322.0
186,7059.46 72303.0
187,8735.07 70815.0
188,7624.54 64423.0
189,5740.29 52818.0
190,3264.02 41726.0
191,1620.56 24509.0
192,653.6 21384.0
193,402.13 19762.0
194,342.07 19237.0
195,529.82 20318.0
196,1193.63 28691.0
197,1879.85 32800.0
198,2295.58 31412.0
199,2699.51 32212.0
200,3164.14 34547.0
201,3626.82 35007.0
202,3833.34 37166.0
203,3884.19 37899.0
204,3582.44 35307.0
205,3133.66 34291.0
206,3391.88 34519.0
207,2877.64 36134.0
208,3222.07 41416.0
209,4997.93 46179.0
210,6252.74 50976.0
211,7296.02 52793.0
212,7303.98 49730.0
213,5416.17 40577.0
214,3131.22 30973.0
215,25574.16 387043.0
216,17467.47 292259.0
217,13192.45 253781.0
218,7909.23 238774.0
219,7073.1 242174.0
220,12269.18 311449.0
221,22932.83 482040.0
222,30400.78 577360.0
223,28029.48 522410.0
224,32938.34 550251.0
225,34816.84 553868.0
226,42687.64 624765.0
227,48906.99 648093.0
228,34264.94 521085.0
229,34888.63 529350.0
230,34964.16 561572.0
231,41244.94 611253.0
232,44357.58 640212.0
233,49475.16 656669.0
234,59831.47 656418.0
235,67007.08 716739.0
236,72723.03 699205.0
237,73537.47 662225.0
238,56546.64 528035.0
239,1587.17 34264.0
240,996.41 30285.0
241,425.97 28719.0
242,588.55 28249.0
243,548.63 29286.0
244,1140.03 35233.0
245,1746.06 51043.0
246,3329.29 60437.0
247,3784.83 63929.0
248,4671.72 66142.0
249,4574.71 66292.0
250,5496.57 67671.0
251,5416.14 63941.0
252,4853.27 62702.0
253,4494.19 63272.0
254,4055.43 63407.0
255,4278.86 64931.0
256,3902.23 65080.0
257,5023.31 69531.0
258,7261.81 71696.0
259,8000.77 70570.0
260,7457.95 63786.0
261,5427.4 52600.0
262,3297.31 41652.0
263,1479.66 24277.0
264,695.58 20920.0
265,470.71 20148.0
266,519.63 19998.0
267,593.81 20299.0
268,1279.69 28689.0
269,1869.89 32539.0
270,2088.28 30712.0
271,2603.91 31844.0
272,2484.59 33758.0
273,2865.86 34358.0
274,3649.29 36164.0
275,3751.35 37207.0
276,3262.57 34080.0
277,3035.96 33296.0
278,3104.94 33886.0
279,3228.47 35775.0
280,3477.05 41130.0
281,4742.55 45837.0
282,6282.9 50874.0
283,7315.71 52524.0
284,6753.57 49102.0
285,5517.83 40466.0
286,2968.76 30714.0
287,24255.38 375050.0
288,13366.91 288771.0
289,10671.55 248421.0
290,6479.12 234441.0
291,6215.2 232098.0
292,9193.65 302064.0
293,22627.47 474752.0
294,30123.3 563845.0
295,28112.14 501814.0
296,30645.66 532126.0
297,32644.94 541961.0
298,48974.45 611491.0
299,44049.56 635668.0
300,31198.27 512434.0
301,37041.46 522524.0
302,34742.67 554048.0
303,36962.82 601179.0
304,44916.98 634885.0
305,46763.01 643704.0
306,61288.39 653221.0
307,66609.99 709843.0
308,73478.73 690477.0
309,70252.49 652375.0
310,55807.46 530141.0
311,1582.94 34555.0
312,714.78 30011.0
313,581.49 28762.0
314,504.01 28156.0
315,526.0 28608.0
316,968.36 34525.0
317,1928.4 51173.0
318,3284.53 60435.0
319,4328.33 63596.0
320,4596.34 65167.0
321,4458.75 66297.0
322,5644.92 67541.0
323,5745.95 64503.0
324,5014.08 63409.0
325,5085.98 63779.0
326,4207.88 63959.0
327,4042.92 65531.0
328,4165.75 65573.0
329,5367.33 69779.0
330,7332.22 72594.0
331,8176.52 71691.0
332,7711.79 64975.0
333,6005.64 54204.0
334,3129.91 42124.0
335,1406.65 24213.0
336,727.12 20834.0
337,597.25 19424.0
338,414.68 19197.0
339,623.37 20355.0
340,1339.65 28626.0
341,1922.65 32477.0
342,2139.61 30586.0
343,2689.94 31528.0
344,2625.03 32780.0
345,2867.1 34093.0
346,3492.57 35798.0
347,3736.49 37018.0
348,3363.69 34100.0
349,2960.02 33388.0
350,3528.26 34517.0
351,3216.72 35873.0
352,3525.56 40951.0
353,4682.54 46027.0
354,6550.07 50842.0
355,7287.93 52794.0
356,6910.28 49599.0
357,5270.11 40962.0
358,3161.65 31184.0
359,27759.39 382859.0
360,14321.53 291857.0
361,10727.19 251098.0
362,7230.21 233538.0
363,8389.73 239083.0
364,11123.57 311416.0
365,21679.04 479656.0
366,32732.94 570470.0
367,35164.24 513866.0
368,31443.39 544422.0
369,32457.76 544136.0
370,43909.11 616555.0
371,43015.68 637454.0
372,36031.91 522256.0
373,37401.08 525228.0
374,35163.86 555331.0
375,40328.91 605643.0
376,45957.81 629492.0
377,46926.52 644989.0
378,59438.91 650750.0
379,66128.35 711023.0
380,75185.78 691783.0
381,64744.84 666712.0
382,55192.59 531155.0
383,1485.38 35969.0
384,756.98 30733.0
385,557.6 29284.0
386,491.31 28206.0
387,653.72 29562.0
388,1424.94 36303.0
389,2487.86 51751.0
390,3232.04 60486.0
391,3853.84 64398.0
392,4813.13 66707.0
393,4885.83 65916.0
394,5510.77 67803.0
395,5393.58 64483.0
396,5260.6 63270.0
397,4691.31 63600.0
398,4154.32 63872.0
399,4204.06 64825.0
400,4079.53 63962.0
401,6097.07 68666.0
402,7218.28 71830.0
403,8168.77 70360.0
404,7641.66 63781.0
405,5650.8 53145.0
406,3239.08 42080.0
407,1581.71 25035.0
408,824.79 21426.0
409,356.76 20014.0
410,458.89 19337.0
411,566.88 20456.0
412,1280.14 29064.0
413,1859.59 32546.0
414,2159.41 30540.0
415,2237.06 31562.0
416,2349.93 33511.0
417,2776.94 34041.0
418,3482.07 36666.0
419,3865.68 37900.0
420,3458.9 34970.0
421,2975.43 33818.0
422,3229.16 34443.0
423,2682.59 36172.0
424,3816.32 41826.0
425,4712.43 46616.0
426,6840.93 51819.0
427,7611.15 53991.0
428,8015.24 51482.0
429,6436.4 42323.0
430,3870.84 32637.0
431,26615.87 392045.0
432,14658.49 295617.0
433,14109.97 259247.0
434,7475.13 237635.0
435,7507.71 241149.0
436,10499.41 307385.0
437,21970.78 466435.0
438,32201.26 567302.0
439,30290.5 516275.0
440,35666.78 559234.0
441,36971.14 554647.0
442,42693.51 619234.0
443,45910.18 636070.0
444,34015.14 533600.0
445,34112.83 533258.0
446,38462.99 568587.0
447,42454.9 627155.0
448,47631.89 647294.0
449,50426.63 651786.0
450,56351.55 661509.0
451,67079.75 693473.0
452,74852.52 691772.0
453,67188.96 660510.0
454,54180.01 562888.0
455,1648.71 35210.0
456,852.72 30936.0
457,660.26 29103.0
458,510.86 28170.0
459,685.04 29084.0
460,1246.1 35551.0
461,2417.87 48280.0
462,3400.09 58573.0
463,4769.69 62366.0
464,4922.6 65259.0
465,5110.57 64864.0
466,5416.21 65378.0
467,5574.29 63342.0
468,4577.31 60373.0
469,4740.12 60715.0
470,4733.63 60492.0
471,4648.23 62511.0
472,4723.64 63328.0
473,5888.19 68805.0
474,7303.82 72198.0
475,7504.27 70347.0
476,7212.95 63678.0
477,5570.26 53279.0
478,3122.67 42240.0
479,1543.71 25503.0
480,913.68 21732.0
481,502.93 20249.0
482,413.34 19745.0
483,635.18 20809.0
484,1255.93 28726.0
485,2133.65 33055.0
486,2362.03 32826.0
487,3119.02 34795.0
488,3647.62 37111.0
489,3512.79 38021.0
490,4140.38 40198.0
491,4427.03 41695.0
492,4052.57 39020.0
493,3948.26 37878.0
494,3684.23 38133.0
495,3359.07 40678.0
496,4759.36 46197.0
497,6142.23 51274.0
498,7708.93 55256.0
499,8864.93 57692.0
500,8831.47 55527.0
501,7581.84 48282.0
502,3911.84 38181.0
503,31676.46 437848.0
504,20683.0 331784.0
505,12116.39 279804.0
506,8789.3 251492.0
507,8222.45 248527.0
508,10022.65 291692.0
509,21327.29 411474.0
510,31918.41 513444.0
511,42232.59 572494.0
512,51755.95 614636.0
513,54451.82 624753.0
514,58574.99 638299.0
515,60109.96 627544.0
516,56727.07 600896.0
517,52807.8 589587.0
518,53115.62 598960.0
519,50511.14 621220.0
520,50732.51 625013.0
521,55384.9 640559.0
522,61983.24 655387.0
523,70204.97 682669.0
524,68018.85 680851.0
525,66273.55 625310.0
526,45978.2 500088.0
527,1749.21 35315.0
528,1187.07 30819.0
529,748.86 29077.0
530,612.9 28362.0
531,713.48 29322.0
532,910.89 34026.0
533,2545.02 46071.0
534,3792.98 56830.0
535,4757.26 62047.0
536,5598.47 64434.0
537,5746.06 64452.0
538,5734.13 63323.0
539,5499.06 62190.0
540,5164.88 60451.0
541,5324.59 59540.0
542,4854.53 60086.0
543,4601.15 61346.0
544,4614.97 62472.0
545,5989.38 68879.0
546,7676.03 71973.0
547,7843.89 70192.0
548,7040.54 62608.0
549,5067.18 51502.0
550,2675.51 42581.0
551,2030.6 29676.0
552,1294.81 23776.0
553,930.54 21751.0
554,533.04 21145.0
555,697.67 21742.0
556,1408.65 27327.0
557,2584.97 36296.0
558,3788.59 41742.0
559,4625.55 46200.0
560,5210.21 49483.0
561,6191.18 51978.0
562,6897.43 53112.0
563,7086.83 53001.0
564,5914.77 51048.0
565,5776.43 49009.0
566,5165.82 47503.0
567,4664.23 46982.0
568,4853.83 47511.0
569,5776.74 50770.0
570,6805.15 53816.0
571,7318.17 54211.0
572,6927.81 50132.0
573,5130.46 41429.0
574,3386.62 31855.0
575,25270.55 377239.0
576,15744.36 283595.0
577,12390.33 244685.0
578,6460.69 231159.0
579,6380.53 231962.0
580,9013.26 300487.0
581,21212.93 464159.0
582,28153.19 562132.0
583,28831.95 520854.0
584,34275.52 553879.0
585,36380.69 555792.0
586,42476.05 630447.0
587,46313.05 645178.0
588,34221.83 533506.0
589,35261.32 542962.0
590,43208.51 569324.0
591,38794.66 621612.0
592,47018.47 626589.0
593,48436.2 654631.0
594,60187.84 651432.0
595,67425.2 712147.0
596,74749.32 699156.0
597,73253.59 658090.0
598,1543.74 33743.0
599,798.22 30071.0
600,461.71 28390.0
601,537.38 27716.0
602,530.67 28679.0
603,995.26 35609.0
604,2027.8 50395.0
605,3083.85 60447.0
606,3839.99 63101.0
607,4498.2 65508.0
608,4386.35 64603.0
609,5487.84 67355.0
610,4998.43 62565.0
611,5140.99 62679.0
612,4794.64 63607.0
613,4092.33 63620.0
614,4462.74 64810.0
615,4367.93 63827.0
616,5402.89 69199.0
617,6888.32 72119.0
618,7824.71 70525.0
619,7169.43 63979.0
620,5476.04 52840.0
621,1588.13 25936.0
622,975.62 21676.0
623,559.97 20173.0
624,405.42 19830.0
625,452.68 20885.0
626,1144.17 28827.0
627,2014.55 33425.0
628,2377.52 31535.0
629,2974.71 34755.0
630,2886.24 34492.0
631,3777.72 37110.0
632,4087.16 37914.0
633,3695.93 35539.0
634,3258.92 34766.0
635,3194.07 35232.0
636,3097.91 36691.0
637,3691.77 41147.0
638,4882.8 46013.0
639,6122.88 50853.0
640,7720.16 52577.0
641,7001.4 49479.0
642,5126.49 40457.0
643,24462.25 388672.0
644,14715.85 297122.0
645,10687.93 258527.0
646,6864.88 243370.0
647,7029.32 244193.0
648,12981.28 319301.0
649,26244.68 487882.0
650,29158.83 584861.0
651,29325.69 529324.0
652,36778.1 565505.0
653,34968.12 577154.0
654,42776.45 643626.0
655,47492.26 658171.0
656,34452.21 538116.0
657,36646.9 547710.0
658,34894.05 578470.0
659,38908.46 622823.0
660,44887.84 656372.0
661,47942.31 671351.0
662,57315.75 671337.0
663,73488.48 733872.0
664,76851.99 719727.0
665,72810.8 674199.0
666,55104.26 543890.0
667,1589.29 34131.0
668,890.47 30238.0
669,424.53 28645.0
670,540.24 28002.0
671,624.5 29105.0
672,1062.27 35285.0
673,2149.35 51559.0
674,3114.07 60826.0
675,4375.29 64748.0
676,4743.01 66523.0
677,4557.56 66305.0
678,5547.72 67937.0
679,5231.72 64112.0
680,4710.21 62747.0
681,4648.54 63264.0
682,3942.13 63393.0
683,4317.74 64608.0
684,4405.25 64940.0
685,5303.17 69322.0
686,7059.46 72303.0
687,8735.07 70815.0
688,7624.54 64423.0
689,5740.29 52818.0
690,3264.02 41726.0
691,1620.56 24509.0
692,653.6 21384.0
693,402.13 19762.0
694,342.07 19237.0
695,529.82 20318.0
696,1193.63 28691.0
697,1879.85 32800.0
698,2295.58 31412.0
699,2699.51 32212.0
700,3164.14 34547.0
701,3626.82 35007.0
702,3833.34 37166.0
703,3884.19 37899.0
704,3582.44 35307.0
705,3133.66 34291.0
706,3391.88 34519.0
707,2877.64 36134.0
708,3222.07 41416.0
709,4997.93 46179.0
710,6252.74 50976.0
711,7296.02 52793.0
712,7303.98 49730.0
713,5416.17 40577.0
714,3131.22 30973.0
715,25574.16 387043.0
716,17467.47 292259.0
717,13192.45 253781.0
718,7909.23 238774.0
719,7073.1 242174.0
720,12269.18 311449.0
721,22932.83 482040.0
722,30400.78 577360.0
723,28029.48 522410.0
724,32938.34 550251.0
725,34816.84 553868.0
726,42687.64 624765.0
727,48906.99 648093.0
728,34264.94 521085.0
729,34888.63 529350.0
730,34964.16 561572.0
731,41244.94 611253.0
732,44357.58 640212.0
733,49475.16 656669.0
734,59831.47 656418.0
735,67007.08 716739.0
736,72723.03 699205.0
737,73537.47 662225.0
738,56546.64 528035.0
739,1587.17 34264.0
740,996.41 30285.0
741,425.97 28719.0
742,588.55 28249.0
743,548.63 29286.0
744,1140.03 35233.0
745,1746.06 51043.0
746,3329.29 60437.0
747,3784.83 63929.0
748,4671.72 66142.0
749,4574.71 66292.0
750,5496.57 67671.0
751,5416.14 63941.0
752,4853.27 62702.0
753,4494.19 63272.0
754,4055.43 63407.0
755,4278.86 64931.0
756,3902.23 65080.0
757,5023.31 69531.0
758,7261.81 71696.0
759,8000.77 70570.0
760,7457.95 63786.0
761,5427.4 52600.0
762,3297.31 41652.0
763,1479.66 24277.0
764,695.58 20920.0
765,470.71 20148.0
766,519.63 19998.0
767,593.81 20299.0
768,1279.69 28689.0
769,1869.89 32539.0
770,2088.28 30712.0
771,2603.91 31844.0
772,2484.59 33758.0
773,2865.86 34358.0
774,3649.29 36164.0
775,3751.35 37207.0
776,3262.57 34080.0
777,3035.96 33296.0
778,3104.94 33886.0
779,3228.47 35775.0
780,3477.05 41130.0
781,4742.55 45837.0
782,6282.9 50874.0
783,7315.71 52524.0
784,6753.57 49102.0
785,5517.83 40466.0
786,2968.76 30714.0
787,24255.38 375050.0
788,13366.91 288771.0
789,10671.55 248421.0
790,6479.12 234441.0
791,6215.2 232098.0
792,9193.65 302064.0
793,22627.47 474752.0
794,30123.3 563845.0
795,28112.14 501814.0
796,30645.66 532126.0
797,32644.94 541961.0
798,48974.45 611491.0
799,44049.56 635668.0
800,31198.27 512434.0
801,37041.46 522524.0
802,34742.67 554048.0
803,36962.82 601179.0
804,44916.98 634885.0
805,46763.01 643704.0
806,61288.39 653221.0
807,66609.99 709843.0
808,73478.73 690477.0
809,70252.49 652375.0
810,55807.46 530141.0
811,1582.94 34555.0
812,714.78 30011.0
813,581.49 28762.0
814,504.01 28156.0
815,526.0 28608.0
816,968.36 34525.0
817,1928.4 51173.0
818,3284.53 60435.0
819,4328.33 63596.0
820,4596.34 65167.0
821,4458.75 66297.0
822,5644.92 67541.0
823,5745.95 64503.0
824,5014.08 63409.0
825,5085.98 63779.0
826,4207.88 63959.0
827,4042.92 65531.0
828,4165.75 65573.0
829,5367.33 69779.0
830,7332.22 72594.0
831,8176.52 71691.0
832,7711.79 64975.0
833,6005.64 54204.0
834,3129.91 42124.0
835,1406.65 24213.0
836,727.12 20834.0
837,597.25 19424.0
838,414.68 19197.0
839,623.37 20355.0
840,1339.65 28626.0
841,1922.65 32477.0
842,2139.61 30586.0
843,2689.94 31528.0
844,2625.03 32780.0
845,2867.1 34093.0
846,3492.57 35798.0
847,3736.49 37018.0
848,3363.69 34100.0
849,2960.02 33388.0
850,3528.26 34517.0
851,3216.72 35873.0
852,3525.56 40951.0
853,4682.54 46027.0
854,6550.07 50842.0
855,7287.93 52794.0
856,6910.28 49599.0
857,5270.11 40962.0
858,3161.65 31184.0
859,27759.39 382859.0
860,14321.53 291857.0
861,10727.19 251098.0
862,7230.21 233538.0
863,8389.73 239083.0
864,11123.57 311416.0
865,21679.04 479656.0
866,32732.94 570470.0
867,35164.24 513866.0
868,31443.39 544422.0
869,32457.76 544136.0
870,43909.11 616555.0
871,43015.68 637454.0
872,36031.91 522256.0
873,37401.08 525228.0
874,35163.86 555331.0
875,40328.91 605643.0
876,45957.81 629492.0
877,46926.52 644989.0
878,59438.91 650750.0
879,66128.35 711023.0
880,75185.78 691783.0
881,64744.84 666712.0
882,55192.59 531155.0
883,1485.38 35969.0
884,756.98 30733.0
885,557.6 29284.0
886,491.31 28206.0
887,653.72 29562.0
888,1424.94 36303.0
889,2487.86 51751.0
890,3232.04 60486.0
891,3853.84 64398.0
892,4813.13 66707.0
893,4885.83 65916.0
894,5510.77 67803.0
895,5393.58 64483.0
896,5260.6 63270.0
897,4691.31 63600.0
898,4154.32 63872.0
899,4204.06 64825.0
900,4079.53 63962.0
901,6097.07 68666.0
902,7218.28 71830.0
903,8168.77 70360.0
904,7641.66 63781.0
905,5650.8 53145.0
906,3239.08 42080.0
907,1581.71 25035.0
908,824.79 21426.0
909,356.76 20014.0
910,458.89 19337.0
911,566.88 20456.0
912,1280.14 29064.0
913,1859.59 32546.0
914,2159.41 30540.0
915,2237.06 31562.0
916,2349.93 33511.0
917,2776.94 34041.0
918,3482.07 36666.0
919,3865.68 37900.0
920,3458.9 34970.0
921,2975.43 33818.0
922,3229.16 34443.0
923,2682.59 36172.0
924,3816.32 41826.0
925,4712.43 46616.0
926,6840.93 51819.0
927,7611.15 53991.0
928,8015.24 51482.0
929,6436.4 42323.0
930,3870.84 32637.0
931,26615.87 392045.0
932,14658.49 295617.0
933,14109.97 259247.0
934,7475.13 237635.0
935,7507.71 241149.0
936,10499.41 307385.0
937,21970.78 466435.0
938,32201.26 567302.0
939,30290.5 516275.0
940,35666.78 559234.0
941,36971.14 554647.0
942,42693.51 619234.0
943,45910.18 636070.0
944,34015.14 533600.0
945,34112.83 533258.0
946,38462.99 568587.0
947,42454.9 627155.0
948,47631.89 647294.0
949,50426.63 651786.0
950,56351.55 661509.0
951,67079.75 693473.0
952,74852.52 691772.0
953,67188.96 660510.0
954,54180.01 562888.0
955,1648.71 35210.0
956,852.72 30936.0
957,660.26 29103.0
958,510.86 28170.0
959,685.04 29084.0
960,1246.1 35551.0
961,2417.87 48280.0
962,3400.09 58573.0
963,4769.69 62366.0
964,4922.6 65259.0
965,5110.57 64864.0
966,5416.21 65378.0
967,5574.29 63342.0
968,4577.31 60373.0
969,4740.12 60715.0
970,4733.63 60492.0
971,4648.23 62511.0
972,4723.64 63328.0
973,5888.19 68805.0
974,7303.82 72198.0
975,7504.27 70347.0
976,7212.95 63678.0
977,5570.26 53279.0
978,3122.67 42240.0
979,1543.71 25503.0
980,913.68 21732.0
981,502.93 20249.0
982,413.34 19745.0
983,635.18 20809.0
984,1255.93 28726.0
985,2133.65 33055.0
986,2362.03 32826.0
987,3119.02 34795.0
988,3647.62 37111.0
989,3512.79 38021.0
990,4140.38 40198.0
991,4427.03 41695.0
992,4052.57 39020.0
993,3948.26 37878.0
994,3684.23 38133.0
995,3359.07 40678.0
996,4759.36 46197.0
997,6142.23 51274.0
998,7708.93 55256.0
999,8864.93 57692.0
1000,8831.47 55527.0
1001,7581.84 48282.0
1002,3911.84 38181.0
1003,31676.46 437848.0
1004,20683.0 331784.0
1005,12116.39 279804.0
1006,8789.3 251492.0
1007,8222.45 248527.0
1008,10022.65 291692.0
1009,21327.29 411474.0
1010,31918.41 513444.0
1011,42232.59 572494.0
1012,51755.95 614636.0
1013,54451.82 624753.0
1014,58574.99 638299.0
1015,60109.96 627544.0
1016,56727.07 600896.0
1017,52807.8 589587.0
1018,53115.62 598960.0
1019,50511.14 621220.0
1020,50732.51 625013.0
1021,55384.9 640559.0
1022,61983.24 655387.0
1023,70204.97 682669.0
1024,68018.85 680851.0
1025,66273.55 625310.0
1026,45978.2 500088.0
1027,1749.21 35315.0
1028,1187.07 30819.0
1029,748.86 29077.0
1030,612.9 28362.0
1031,713.48 29322.0
1032,910.89 34026.0
1033,2545.02 46071.0
1034,3792.98 56830.0
1035,4757.26 62047.0
1036,5598.47 64434.0
1037,5746.06 64452.0
1038,5734.13 63323.0
1039,5499.06 62190.0
1040,5164.88 60451.0
1041,5324.59 59540.0
1042,4854.53 60086.0
1043,4601.15 61346.0
1044,4614.97 62472.0
1045,5989.38 68879.0
1046,7676.03 71973.0
1047,7843.89 70192.0
1048,7040.54 62608.0
1049,5067.18 51502.0
1050,2675.51 42581.0
1051,2030.6 29676.0
1052,1294.81 23776.0
1053,930.54 21751.0
1054,533.04 21145.0
1055,697.67 21742.0
1056,1408.65 27327.0
1057,2584.97 36296.0
1058,3788.59 41742.0
1059,4625.55 46200.0
1060,5210.21 49483.0
1061,6191.18 51978.0
1062,6897.43 53112.0
1063,7086.83 53001.0
1064,5914.77 51048.0
1065,5776.43 49009.0
1066,5165.82 47503.0
1067,4664.23 46982.0
1068,4853.83 47511.0
1069,5776.74 50770.0
1070,6805.15 53816.0
1071,7318.17 54211.0
1072,6927.81 50132.0
1073,5130.46 41429.0
1074,3386.62 31855.0
1075,25270.55 377239.0
1076,15744.36 283595.0
1077,12390.33 244685.0
1078,6460.69 231159.0
1079,6380.53 231962.0
1080,9013.26 300487.0
1081,21212.93 464159.0
1082,28153.19 562132.0
1083,28831.95 520854.0
1084,34275.52 553879.0
1085,36380.69 555792.0
1086,42476.05 630447.0
1087,46313.05 645178.0
1088,34221.83 533506.0
1089,35261.32 542962.0
1090,43208.51 569324.0
1091,38794.66 621612.0
1092,47018.47 626589.0
1093,48436.2 654631.0
1094,60187.84 651432.0
1095,67425.2 712147.0
1096,74749.32 699156.0
1097,73253.59 658090.0
1098,56684.72 531325.0
1099,1543.74 33743.0
1100,798.22 30071.0
1101,461.71 28390.0
1102,537.38 27716.0
1103,530.67 28679.0
1104,995.26 35609.0
1105,2027.8 50395.0
1106,3083.85 60447.0
1107,3839.99 63101.0
1108,4498.2 65508.0
1109,4386.35 64603.0
1110,5487.84 67355.0
1111,4998.43 62565.0
1112,5140.99 62679.0
1113,4794.64 63607.0
1114,4092.33 63620.0
1115,4462.74 64810.0
1116,4367.93 63827.0
1117,5402.89 69199.0
1118,6888.32 72119.0
1119,7824.71 70525.0
1120,7169.43 63979.0
1121,5476.04 52840.0
1122,3430.45 41865.0
1123,1588.13 25936.0
1124,975.62 21676.0
1125,559.97 20173.0
1126,405.42 19830.0
1127,452.68 20885.0
1128,1144.17 28827.0
1129,2014.55 33425.0
1130,2377.52 31535.0
1131,2653.52 32612.0
1132,2974.71 34755.0
1133,2886.24 34492.0
1134,3777.72 37110.0
1135,4087.16 37914.0
1136,3695.93 35539.0
1137,3258.92 34766.0
1138,3194.07 35232.0
1139,3097.91 36691.0
1140,3691.77 41147.0
1141,4882.8 46013.0
1142,6122.88 50853.0
1143,7720.16 52577.0
1144,7001.4 49479.0
1145,5126.49 40457.0
1146,3051.09 31147.0
1147,24462.25 388672.0
1148,14715.85 297122.0
1149,10687.93 258527.0
1150,6864.88 243370.0
1151,7029.32 244193.0
1152,12981.28 319301.0
1153,26244.68 487882.0
1154,29158.83 584861.0
1155,29325.69 529324.0
1156,36778.1 565505.0
1157,34968.12 577154.0
1158,42776.45 643626.0
1159,47492.26 658171.0
1160,34452.21 538116.0
1161,36646.9 547710.0
1162,34894.05 578470.0
1163,38908.46 622823.0
1164,44887.84 656372.0
1165,47942.31 671351.0
1166,57315.75 671337.0
1167,73488.48 733872.0
1168,76851.99 719727.0
1169,72810.8 674199.0
1170,55104.26 543890.0
1171,1589.29 34131.0
1172,890.47 30238.0
1173,424.53 28645.0
1174,540.24 28002.0
1175,624.5 29105.0
1176,1062.27 35285.0
1177,2149.35 51559.0
1178,3114.07 60826.0
1179,4375.29 64748.0
1180,4743.01 66523.0
1181,4557.56 66305.0
1182,5547.72 67937.0
1183,5231.72 64112.0
1184,4710.21 62747.0
1185,4648.54 63264.0
1186,3942.13 63393.0
1187,4317.74 64608.0
1188,4405.25 64940.0
1189,5303.17 69322.0
1190,7059.46 72303.0
1191,8735.07 70815.0
1192,7624.54 64423.0
1193,5740.29 52818.0
1194,3264.02 41726.0
1195,1620.56 24509.0
1196,653.6 21384.0
1197,402.13 19762.0
1198,342.07 19237.0
1199,529.82 20318.0
1200,1193.63 28691.0
1201,1879.85 32800.0
1202,2295.58 31412.0
1203,2699.51 32212.0
1204,3164.14 34547.0
1205,3626.82 35007.0
1206,3833.34 37166.0
1207,3884.19 37899.0
1208,3582.44 35307.0
1209,3133.66 34291.0
1210,3391.88 34519.0
1211,2877.64 36134.0
1212,3222.07 41416.0
1213,4997.93 46179.0
1214,6252.74 50976.0
1215,7296.02 52793.0
1216,7303.98 49730.0
1217,5416.17 40577.0
1218,3131.22 30973.0
1219,25574.16 387043.0
1220,17467.47 292259.0
1221,13192.45 253781.0
1222,7909.23 238774.0
1223,7073.1 242174.0
1224,12269.18 311449.0
1225,22932.83 482040.0
1226,30400.78 577360.0
1227,28029.48 522410.0
1228,32938.34 550251.0
1229,34816.84 553868.0
1230,42687.64 624765.0
1231,48906.99 648093.0
1232,34264.94 521085.0
1233,34888.63 529350.0
1234,34964.16 561572.0
1235,41244.94 611253.0
1236,44357.58 640212.0
1237,49475.16 656669.0
1238,59831.47 656418.0
1239,67007.08 716739.0
1240,72723.03 699205.0
1241,73537.47 662225.0
1242,56546.64 528035.0
1243,1587.17 34264.0
1244,996.41 30285.0
1245,425.97 28719.0
1246,588.55 28249.0
1247,548.63 29286.0
1248,1140.03 35233.0
1249,1746.06 51043.0
1250,3329.29 60437.0
1251,3784.83 63929.0
1252,4671.72 66142.0
1253,4574.71 66292.0
1254,5496.57 67671.0
1255,5416.14 63941.0
1256,4853.27 62702.0
1257,4494.19 63272.0
1258,4055.43 63407.0
1259,4278.86 64931.0
1260,3902.23 65080.0
1261,5023.31 69531.0
1262,7261.81 71696.0
1263,8000.77 70570.0
1264,7457.95 63786.0
1265,5427.4 52600.0
1266,3297.31 41652.0
1267,1479.66 24277.0
1268,695.58 20920.0
1269,470.71 20148.0
1270,519.63 19998.0
1271,593.81 20299.0
1272,1279.69 28689.0
1273,1869.89 32539.0
1274,2088.28 30712.0
1275,2603.91 31844.0
1276,2484.59 33758.0
1277,2865.86 34358.0
1278,3649.29 36164.0
1279,3751.35 37207.0
1280,3262.57 34080.0
1281,3035.96 33296.0
1282,3104.94 33886.0
1283,3228.47 35775.0
1284,3477.05 41130.0
1285,4742.55 45837.0
1286,6282.9 50874.0
1287,7315.71 52524.0
1288,6753.57 49102.0
1289,5517.83 40466.0
1290,2968.76 30714.0
1291,24255.38 375050.0
1292,13366.91 288771.0
1293,10671.55 248421.0
1294,6479.12 234441.0
1295,6215.2 232098.0
1296,9193.65 302064.0
1297,22627.47 474752.0
1298,30123.3 563845.0
1299,28112.14 501814.0
1300,30645.66 532126.0
1301,32644.94 541961.0
1302,48974.45 611491.0
1303,44049.56 635668.0
1304,31198.27 512434.0
1305,37041.46 522524.0
1306,34742.67 554048.0
1307,36962.82 601179.0
1308,44916.98 634885.0
1309,46763.01 643704.0
1310,61288.39 653221.0
1311,66609.99 709843.0
1312,73478.73 690477.0
1313,70252.49 652375.0
1314,55807.46 530141.0
1315,1582.94 34555.0
1316,714.78 30011.0
1317,581.49 28762.0
1318,504.01 28156.0
1319,526.0 28608.0
1320,968.36 34525.0
1321,1928.4 51173.0
1322,3284.53 60435.0
1323,4328.33 63596.0
1324,4596.34 65167.0
1325,4458.75 66297.0
1326,5644.92 67541.0
1327,5745.95 64503.0
1328,5014.08 63409.0
1329,5085.98 63779.0
1330,4207.88 63959.0
1331,4042.92 65531.0
1332,4165.75 65573.0
1333,5367.33 69779.0
1334,7332.22 72594.0
1335,8176.52 71691.0
1336,7711.79 64975.0
1337,6005.64 54204.0
1338,3129.91 42124.0
1339,1406.65 24213.0
1340,727.12 20834.0
1341,597.25 19424.0
1342,414.68 19197.0
1343,623.37 20355.0
1344,1339.65 28626.0
1345,1922.65 32477.0
1346,2139.61 30586.0
1347,2689.94 31528.0
1348,2625.03 32780.0
1349,2867.1 34093.0
1350,3492.57 35798.0
1351,3736.49 37018.0
1352,3363.69 34100.0
1353,2960.02 33388.0
1354,3528.26 34517.0
1355,3216.72 35873.0
1356,3525.56 40951.0
1357,4682.54 46027.0
1358,6550.07 50842.0
1359,7287.93 52794.0
1360,6910.28 49599.0
1361,5270.11 40962.0
1362,3161.65 31184.0
1363,27759.39 382859.0
1364,14321.53 291857.0
1365,10727.19 251098.0
1366,7230.21 233538.0
1367,8389.73 239083.0
1368,11123.57 311416.0
1369,21679.04 479656.0
1370,32732.94 570470.0
1371,35164.24 513866.0
1372,31443.39 544422.0
1373,32457.76 544136.0
1374,43909.11 616555.0
1375,43015.68 637454.0
1376,36031.91 522256.0
1377,37401.08 525228.0
1378,35163.86 555331.0
1379,40328.91 605643.0
1380,45957.81 629492.0
1381,46926.52 644989.0
1382,59438.91 650750.0
1383,66128.35 711023.0
1384,75185.78 691783.0
1385,64744.84 666712.0
1386,55192.59 531155.0
1387,1485.38 35969.0
1388,756.98 30733.0
1389,557.6 29284.0
1390,491.31 28206.0
1391,653.72 29562.0
1392,1424.94 36303.0
1393,2487.86 51751.0
1394,3232.04 60486.0
1395,3853.84 64398.0
1396,4813.13 66707.0
1397,4885.83 65916.0
1398,5510.77 67803.0
1399,5393.58 64483.0
1400,5260.6 63270.0
1401,4691.31 63600.0
1402,4154.32 63872.0
1403,4204.06 64825.0
1404,4079.53 63962.0
1405,6097.07 68666.0
1406,7218.28 71830.0
1407,8168.77 70360.0
1408,7641.66 63781.0
1409,5650.8 53145.0
1410,3239.08 42080.0
1411,1581.71 25035.0
1412,824.79 21426.0
1413,356.76 20014.0
1414,458.89 19337.0
1415,566.88 20456.0
1416,1280.14 29064.0
1417,1859.59 32546.0
1418,2159.41 30540.0
1419,2237.06 31562.0
1420,2349.93 33511.0
1421,2776.94 34041.0
1422,3482.07 36666.0
1423,3865.68 37900.0
1424,3458.9 34970.0
1425,2975.43 33818.0
1426,3229.16 34443.0
1427,2682.59 36172.0
1428,3816.32 41826.0
1429,4712.43 46616.0
1430,6840.93 51819.0
1431,7611.15 53991.0
1432,8015.24 51482.0
1433,6436.4 42323.0
1434,3870.84 32637.0
1435,26615.87 392045.0
1436,14658.49 295617.0
1437,14109.97 259247.0
1438,7475.13 237635.0
1439,7507.71 241149.0
1440,10499.41 307385.0
1441,21970.78 466435.0
1442,32201.26 567302.0
1443,30290.5 516275.0
1444,35666.78 559234.0
1445,36971.14 554647.0
1446,42693.51 619234.0
1447,45910.18 636070.0
1448,34015.14 533600.0
1449,34112.83 533258.0
1450,38462.99 568587.0
1451,42454.9 627155.0
1452,47631.89 647294.0
1453,50426.63 651786.0
1454,56351.55 661509.0
1455,67079.75 693473.0
1456,74852.52 691772.0
1457,67188.96 660510.0
1458,54180.01 562888.0
1459,1648.71 35210.0
1460,852.72 30936.0
1461,660.26 29103.0
1462,510.86 28170.0
1463,685.04 29084.0
1464,1246.1 35551.0
1465,2417.87 48280.0
1466,3400.09 58573.0
1467,4769.69 62366.0
1468,4922.6 65259.0
1469,5110.57 64864.0
1470,5416.21 65378.0
1471,5574.29 63342.0
1472,4577.31 60373.0
1473,4740.12 60715.0
1474,4733.63 60492.0
1475,4648.23 62511.0
1476,4723.64 63328.0
1477,5888.19 68805.0
1478,7303.82 72198.0
1479,7504.27 70347.0
1480,7212.95 63678.0
1481,5570.26 53279.0
1482,3122.67 42240.0
1483,1543.71 25503.0
1484,913.68 21732.0
1485,502.93 20249.0
1486,413.34 19745.0
1487,635.18 20809.0
1488,1255.93 28726.0
1489,2133.65 33055.0
1490,2362.03 32826.0
1491,3119.02 34795.0
1492,3647.62 37111.0
1493,3512.79 38021.0
1494,4140.38 40198.0
1495,4427.03 41695.0
1496,4052.57 39020.0
1497,3948.26 37878.0
1498,3684.23 38133.0
1499,3359.07 40678.0
1500,4759.36 46197.0
1501,6142.23 51274.0
1502,7708.93 55256.0
1503,8864.93 57692.0
1504,8831.47 55527.0
1505,7581.84 48282.0
1506,3911.84 38181.0
1507,31676.46 437848.0
1508,20683.0 331784.0
1509,12116.39 279804.0
1510,8789.3 251492.0
1511,8222.45 248527.0
1512,10022.65 291692.0
1513,21327.29 411474.0
1514,31918.41 513444.0
1515,42232.59 572494.0
1516,51755.95 614636.0
1517,54451.82 624753.0
1518,58574.99 638299.0
1519,60109.96 627544.0
1520,56727.07 600896.0
1521,52807.8 589587.0
1522,53115.62 598960.0
1523,50511.14 621220.0
1524,50732.51 625013.0
1525,55384.9 640559.0
1526,61983.24 655387.0
1527,70204.97 682669.0
1528,68018.85 680851.0
1529,66273.55 625310.0
1530,45978.2 500088.0
1531,1749.21 35315.0
1532,1187.07 30819.0
1533,748.86 29077.0
1534,612.9 28362.0
1535,713.48 29322.0
1536,910.89 34026.0
1537,2545.02 46071.0
1538,3792.98 56830.0
1539,4757.26 62047.0
1540,5598.47 64434.0
1541,5746.06 64452.0
1542,5734.13 63323.0
1543,5499.06 62190.0
1544,5164.88 60451.0
1545,5324.59 59540.0
1546,4854.53 60086.0
1547,4601.15 61346.0
1548,4614.97 62472.0
1549,5989.38 68879.0
1550,7676.03 71973.0
1551,7843.89 70192.0
1552,7040.54 62608.0
1553,5067.18 51502.0
1554,2675.51 42581.0
1555,2030.6 29676.0
1556,1294.81 23776.0
1557,930.54 21751.0
1558,533.04 21145.0
1559,697.67 21742.0
1560,1408.65 27327.0
1561,2584.97 36296.0
1562,3788.59 41742.0
1563,4625.55 46200.0
1564,5210.21 49483.0
1565,6191.18 51978.0
1566,6897.43 53112.0
1567,7086.83 53001.0
1568,5914.77 51048.0
1569,5776.43 49009.0
1570,5165.82 47503.0
1571,4664.23 46982.0
1572,4853.83 47511.0
1573,5776.74 50770.0
1574,6805.15 53816.0
1575,7318.17 54211.0
1576,6927.81 50132.0
1577,5130.46 41429.0
1578,3386.62 31855.0
1579,25270.55 377239.0
1580,15744.36 283595.0
1581,12390.33 244685.0
1582,6460.69 231159.0
1583,6380.53 231962.0
1584,9013.26 300487.0
1585,21212.93 464159.0
1586,28153.19 562132.0
1587,28831.95 520854.0
1588,34275.52 553879.0
1589,36380.69 555792.0
1590,42476.05 630447.0
1591,46313.05 645178.0
1592,34221.83 533506.0
1593,35261.32 542962.0
1594,43208.51 569324.0
1595,38794.66 621612.0
1596,47018.47 626589.0
1597,48436.2 654631.0
1598,60187.84 651432.0
1599,67425.2 712147.0
1600,74749.32 699156.0
1601,73253.59 658090.0
1602,56684.72 531325.0
1603,1543.74 33743.0
1604,798.22 30071.0
1605,461.71 28390.0
1606,537.38 27716.0
1607,530.67 28679.0
1608,995.26 35609.0
1609,2027.8 50395.0
1610,3083.85 60447.0
1611,3839.99 63101.0
1612,4498.2 65508.0
1613,4386.35 64603.0
1614,5487.84 67355.0
1615,4998.43 62565.0
1616,5140.99 62679.0
1617,4794.64 63607.0
1618,4092.33 63620.0
1619,4462.74 64810.0
1620,4367.93 63827.0
1621,5402.89 69199.0
1622,6888.32 72119.0
1623,7824.71 70525.0
1624,7169.43 63979.0
1625,5476.04 52840.0
1626,3430.45 41865.0
1627,1588.13 25936.0
1628,975.62 21676.0
1629,559.97 20173.0
1630,405.42 19830.0
1631,452.68 20885.0
1632,1144.17 28827.0
1633,2014.55 33425.0
1634,2377.52 31535.0
1635,2653.52 32612.0
1636,2974.71 34755.0
1637,2886.24 34492.0
1638,3777.72 37110.0
1639,4087.16 37914.0
1640,3695.93 35539.0
1641,3258.92 34766.0
1642,3194.07 35232.0
1643,3097.91 36691.0
1644,3691.77 41147.0
1645,4882.8 46013.0
1646,6122.88 50853.0
1647,7720.16 52577.0
1648,7001.4 49479.0
1649,5126.49 40457.0
1650,3051.09 31147.0
1651,24462.25 388672.0
1652,14715.85 297122.0
1653,10687.93 258527.0
1654,6864.88 243370.0
1655,7029.32 244193.0
1656,12981.28 319301.0
1657,26244.68 487882.0
1658,29158.83 584861.0
1659,29325.69 529324.0
1660,36778.1 565505.0
1661,34968.12 577154.0
1662,42776.45 643626.0
1663,47492.26 658171.0
1664,34452.21 538116.0
1665,36646.9 547710.0
1666,34894.05 578470.0
1667,38908.46 622823.0
1668,44887.84 656372.0
1669,47942.31 671351.0
1670,57315.75 671337.0
1671,73488.48 733872.0
1672,76851.99 719727.0
1673,72810.8 674199.0
1674,55104.26 543890.0
1675,1589.29 34131.0
1676,890.47 30238.0
1677,424.53 28645.0
1678,540.24 28002.0
1679,624.5 29105.0
1680,1062.27 35285.0
1681,2149.35 51559.0
1682,3114.07 60826.0
1683,4375.29 64748.0
1684,4743.01 66523.0
1685,4557.56 66305.0
1686,5547.72 67937.0
1687,5231.72 64112.0
1688,4710.21 62747.0
1689,4648.54 63264.0
1690,3942.13 63393.0
1691,4317.74 64608.0
1692,4405.25 64940.0
1693,5303.17 69322.0
1694,7059.46 72303.0
1695,8735.07 70815.0
1696,7624.54 64423.0
1697,5740.29 52818.0
1698,3264.02 41726.0
1699,1620.56 24509.0
1700,653.6 21384.0
1701,402.13 19762.0
1702,342.07 19237.0
1703,529.82 20318.0
1704,1193.63 28691.0
1705,1879.85 32800.0
1706,2295.58 31412.0
1707,2699.51 32212.0
1708,3164.14 34547.0
1709,3626.82 35007.0
1710,3833.34 37166.0
1711,3884.19 37899.0
1712,3582.44 35307.0
1713,3133.66 34291.0
1714,3391.88 34519.0
1715,2877.64 36134.0
1716,3222.07 41416.0
1717,4997.93 46179.0
1718,6252.74 50976.0
1719,7296.02 52793.0
1720,7303.98 49730.0
1721,5416.17 40577.0
1722,3131.22 30973.0
1723,25574.16 387043.0
1724,17467.47 292259.0
1725,13192.45 253781.0
1726,7909.23 238774.0
1727,7073.1 242174.0
1728,12269.18 311449.0
1729,22932.83 482040.0
1730,30400.78 577360.0
1731,28029.48 522410.0
1732,32938.34 550251.0
1733,34816.84 553868.0
1734,42687.64 624765.0
1735,48906.99 648093.0
1736,34264.94 521085.0
1737,34888.63 529350.0
1738,34964.16 561572.0
1739,41244.94 611253.0
1740,44357.58 640212.0
1741,49475.16 656669.0
1742,59831.47 656418.0
1743,67007.08 716739.0
1744,72723.03 699205.0
1745,73537.47 662225.0
1746,56546.64 528035.0
1747,1587.17 34264.0
1748,996.41 30285.0
1749,425.97 28719.0
1750,588.55 28249.0
1751,548.63 29286.0
1752,1140.03 35233.0
1753,1746.06 51043.0
1754,3329.29 60437.0
1755,3784.83 63929.0
1756,4671.72 66142.0
1757,4574.71 66292.0
1758,5496.57 67671.0
1759,5416.14 63941.0
1760,4853.27 62702.0
1761,4494.19 63272.0
1762,4055.43 63407.0
1763,4278.86 64931.0
1764,3902.23 65080.0
1765,5023.31 69531.0
1766,7261.81 71696.0
1767,8000.77 70570.0
1768,7457.95 63786.0
1769,5427.4 52600.0
1770,3297.31 41652.0
1771,1479.66 24277.0
1772,695.58 20920.0
1773,470.71 20148.0
1774,519.63 19998.0
1775,593.81 20299.0
1776,1279.69 28689.0
1777,1869.89 32539.0
1778,2088.28 30712.0
1779,2603.91 31844.0
1780,2484.59 33758.0
1781,2865.86 34358.0
1782,3649.29 36164.0
1783,3751.35 37207.0
1784,3262.57 34080.0
1785,3035.96 33296.0
1786,3104.94 33886.0
1787,3228.47 35775.0
1788,3477.05 41130.0
1789,4742.55 45837.0
1790,6282.9 50874.0
1791,7315.71 52524.0
1792,6753.57 49102.0
1793,5517.83 40466.0
1794,2968.76 30714.0
1795,24255.38 375050.0
1796,13366.91 288771.0
1797,10671.55 248421.0
1798,6479.12 234441.0
1799,6215.2 232098.0
1800,9193.65 302064.0
1801,22627.47 474752.0
1802,30123.3 563845.0
1803,28112.14 501814.0
1804,30645.66 532126.0
1805,32644.94 541961.0
1806,48974.45 611491.0
1807,44049.56 635668.0
1808,31198.27 512434.0
1809,37041.46 522524.0
1810,34742.67 554048.0
1811,36962.82 601179.0
1812,44916.98 634885.0
1813,46763.01 643704.0
1814,61288.39 653221.0
1815,66609.99 709843.0
1816,73478.73 690477.0
1817,70252.49 652375.0
1818,55807.46 530141.0
1819,1582.94 34555.0
1820,714.78 30011.0
1821,581.49 28762.0
1822,504.01 28156.0
1823,526.0 28608.0
1824,968.36 34525.0
1825,1928.4 51173.0
1826,3284.53 60435.0
1827,4328.33 63596.0
1828,4596.34 65167.0
1829,4458.75 66297.0
1830,5644.92 67541.0
1831,5745.95 64503.0
1832,5014.08 63409.0
1833,5085.98 63779.0
1834,4207.88 63959.0
1835,4042.92 65531.0
1836,4165.75 65573.0
1837,5367.33 69779.0
1838,7332.22 72594.0
1839,8176.52 71691.0
1840,7711.79 64975.0
1841,6005.64 54204.0
1842,3129.91 42124.0
1843,1406.65 24213.0
1844,727.12 20834.0
1845,597.25 19424.0
1846,414.68 19197.0
1847,623.37 20355.0
1848,1339.65 28626.0
1849,1922.65 32477.0
1850,2139.61 30586.0
1851,2689.94 31528.0
1852,2625.03 32780.0
1853,2867.1 34093.0
1854,3492.57 35798.0
1855,3736.49 37018.0
1856,3363.69 34100.0
1857,2960.02 33388.0
1858,3528.26 34517.0
1859,3216.72 35873.0
1860,3525.56 40951.0
1861,4682.54 46027.0
1862,6550.07 50842.0
1863,7287.93 52794.0
1864,6910.28 49599.0
1865,5270.11 40962.0
1866,3161.65 31184.0
1867,27759.39 382859.0
1868,14321.53 291857.0
1869,10727.19 251098.0
1870,7230.21 233538.0
1871,8389.73 239083.0
1872,11123.57 311416.0
1873,21679.04 479656.0
1874,32732.94 570470.0
1875,35164.24 513866.0
1876,31443.39 544422.0
1877,32457.76 544136.0
1878,43909.11 616555.0
1879,43015.68 637454.0
1880,36031.91 522256.0
1881,37401.08 525228.0
1882,35163.86 555331.0
1883,40328.91 605643.0
1884,45957.81 629492.0
1885,46926.52 644989.0
1886,59438.91 650750.0
1887,66128.35 711023.0
1888,75185.78 691783.0
1889,64744.84 666712.0
1890,55192.59 531155.0
1891,1485.38 35969.0
1892,756.98 30733.0
1893,557.6 29284.0
1894,491.31 28206.0
1895,653.72 29562.0
1896,1424.94 36303.0
1897,2487.86 51751.0
1898,3232.04 60486.0
1899,3853.84 64398.0
1900,4813.13 66707.0
1901,4885.83 65916.0
1902,5510.77 67803.0
1903,5393.58 64483.0
1904,5260.6 63270.0
1905,4691.31 63600.0
1906,4154.32 63872.0
1907,4204.06 64825.0
1908,4079.53 63962.0
1909,6097.07 68666.0
1910,7218.28 71830.0
1911,8168.77 70360.0
1912,7641.66 63781.0
1913,5650.8 53145.0
1914,3239.08 42080.0
1915,1581.71 25035.0
1916,824.79 21426.0
1917,356.76 20014.0
1918,458.89 19337.0
1919,566.88 20456.0
1920,1280.14 29064.0
1921,1859.59 32546.0
1922,2159.41 30540.0
1923,2237.06 31562.0
1924,2349.93 33511.0
1925,2776.94 34041.0
1926,3482.07 36666.0
1927,3865.68 37900.0
1928,3458.9 34970.0
1929,2975.43 33818.0
1930,3229.16 34443.0
1931,2682.59 36172.0
1932,3816.32 41826.0
1933,4712.43 46616.0
1934,6840.93 51819.0
1935,7611.15 53991.0
1936,8015.24 51482.0
1937,6436.4 42323.0
1938,3870.84 32637.0
1939,26615.87 392045.0
1940,14658.49 295617.0
1941,14109.97 259247.0
1942,7475.13 237635.0
1943,7507.71 241149.0
1944,10499.41 307385.0
1945,21970.78 466435.0
1946,32201.26 567302.0
1947,30290.5 516275.0
1948,35666.78 559234.0
1949,36971.14 554647.0
1950,42693.51 619234.0
1951,45910.18 636070.0
1952,34015.14 533600.0
1953,34112.83 533258.0
1954,38462.99 568587.0
1955,42454.9 627155.0
1956,47631.89 647294.0
1957,50426.63 651786.0
1958,56351.55 661509.0
1959,67079.75 693473.0
1960,74852.52 691772.0
1961,67188.96 660510.0
1962,54180.01 562888.0
1963,1648.71 35210.0
1964,852.72 30936.0
1965,660.26 29103.0
1966,510.86 28170.0
1967,685.04 29084.0
1968,1246.1 35551.0
1969,2417.87 48280.0
1970,3400.09 58573.0
1971,4769.69 62366.0
1972,4922.6 65259.0
1973,5110.57 64864.0
1974,5416.21 65378.0
1975,5574.29 63342.0
1976,4577.31 60373.0
1977,4740.12 60715.0
1978,4733.63 60492.0
1979,4648.23 62511.0
1980,4723.64 63328.0
1981,5888.19 68805.0
1982,7303.82 72198.0
1983,7504.27 70347.0
1984,7212.95 63678.0
1985,5570.26 53279.0
1986,3122.67 42240.0
1987,1543.71 25503.0
1988,913.68 21732.0
1989,502.93 20249.0
1990,413.34 19745.0
1991,635.18 20809.0
1992,1255.93 28726.0
1993,2133.65 33055.0
1994,2362.03 32826.0
1995,3119.02 34795.0
1996,3647.62 37111.0
1997,3512.79 38021.0
1998,4140.38 40198.0
1999,4427.03 41695.0
2000,4052.57 39020.0
2001,3948.26 37878.0
2002,3684.23 38133.0
2003,3359.07 40678.0
2004,4759.36 46197.0
2005,6142.23 51274.0
2006,7708.93 55256.0
2007,8864.93 57692.0
2008,8831.47 55527.0
2009,7581.84 48282.0
2010,3911.84 38181.0
2011,31676.46 437848.0
2012,20683.0 331784.0
2013,12116.39 279804.0
2014,8789.3 251492.0
2015,8222.45 248527.0
2016,10022.65 291692.0
2017,21327.29 411474.0
2018,31918.41 513444.0
2019,42232.59 572494.0
2020,51755.95 614636.0
2021,54451.82 624753.0
2022,58574.99 638299.0
2023,60109.96 627544.0
2024,56727.07 600896.0
2025,52807.8 589587.0
2026,53115.62 598960.0
2027,50511.14 621220.0
2028,50732.51 625013.0
2029,55384.9 640559.0
2030,61983.24 655387.0
2031,70204.97 682669.0
2032,68018.85 680851.0
2033,66273.55 625310.0
2034,45978.2 500088.0
2035,1749.21 35315.0
2036,1187.07 30819.0
2037,748.86 29077.0
2038,612.9 28362.0
2039,713.48 29322.0
2040,910.89 34026.0
2041,2545.02 46071.0
2042,3792.98 56830.0
2043,4757.26 62047.0
2044,5598.47 64434.0
2045,5746.06 64452.0
2046,5734.13 63323.0
2047,5499.06 62190.0
2048,5164.88 60451.0
2049,5324.59 59540.0
2050,4854.53 60086.0
2051,4601.15 61346.0
2052,4614.97 62472.0
2053,5989.38 68879.0
2054,7676.03 71973.0
2055,7843.89 70192.0
2056,7040.54 62608.0
2057,5067.18 51502.0
2058,2675.51 42581.0
2059,2030.6 29676.0
2060,1294.81 23776.0
2061,930.54 21751.0
2062,533.04 21145.0
2063,697.67 21742.0
2064,1408.65 27327.0
2065,2584.97 36296.0
2066,3788.59 41742.0
2067,4625.55 46200.0
2068,5210.21 49483.0
2069,6191.18 51978.0
2070,6897.43 53112.0
2071,5914.77 51048.0
2072,5776.43 49009.0
2073,5165.82 47503.0
2074,4664.23 46982.0
2075,4853.83 47511.0
2076,5776.74 50770.0
2077,6805.15 53816.0
2078,7318.17 54211.0
2079,6927.81 50132.0
2080,5130.46 41429.0
2081,3386.62 31855.0
2082,25270.55 377239.0
2083,15744.36 283595.0
2084,12390.33 244685.0
2085,6460.69 231159.0
2086,6380.53 231962.0
2087,9013.26 300487.0
2088,21212.93 464159.0
2089,28153.19 562132.0
2090,28831.95 520854.0
2091,34275.52 553879.0
2092,36380.69 555792.0
2093,42476.05 630447.0
2094,46313.05 645178.0
2095,34221.83 533506.0
2096,35261.32 542962.0
2097,43208.51 569324.0
2098,38794.66 621612.0
2099,47018.47 626589.0
2100,48436.2 654631.0
2101,60187.84 651432.0
2102,67425.2 712147.0
2103,74749.32 699156.0
2104,73253.59 658090.0
2105,56684.72 531325.0
2106,1543.74 33743.0
2107,798.22 30071.0
2108,461.71 28390.0
2109,537.38 27716.0
2110,530.67 28679.0
2111,995.26 35609.0
2112,2027.8 50395.0
2113,3083.85 60447.0
2114,3839.99 63101.0
2115,4498.2 65508.0
2116,4386.35 64603.0
2117,5487.84 67355.0
2118,4998.43 62565.0
2119,5140.99 62679.0
2120,4794.64 63607.0
2121,4092.33 63620.0
2122,4462.74 64810.0
2123,4367.93 63827.0
2124,5402.89 69199.0
2125,6888.32 72119.0
2126,7824.71 70525.0
2127,7169.43 63979.0
2128,5476.04 52840.0
2129,3430.45 41865.0
2130,1588.13 25936.0
2131,975.62 21676.0
2132,559.97 20173.0
2133,405.42 19830.0
2134,452.68 20885.0
2135,1144.17 28827.0
2136,2014.55 33425.0
2137,2377.52 31535.0
2138,2653.52 32612.0
2139,2974.71 34755.0
2140,2886.24 34492.0
2141,3777.72 37110.0
2142,4087.16 37914.0
2143,3695.93 35539.0
2144,3258.92 34766.0
2145,3194.07 35232.0
2146,3097.91 36691.0
2147,3691.77 41147.0
2148,4882.8 46013.0
2149,6122.88 50853.0
2150,7720.16 52577.0
2151,7001.4 49479.0
2152,5126.49 40457.0
2153,3051.09 31147.0
2154,24462.25 388672.0
2155,14715.85 297122.0
2156,10687.93 258527.0
2157,6864.88 243370.0
2158,7029.32 244193.0
2159,12981.28 319301.0
2160,26244.68 487882.0
2161,29158.83 584861.0
2162,29325.69 529324.0
2163,36778.1 565505.0
2164,34968.12 577154.0
2165,42776.45 643626.0
2166,47492.26 658171.0
2167,34452.21 538116.0
2168,36646.9 547710.0
2169,34894.05 578470.0
2170,38908.46 622823.0
2171,44887.84 656372.0
2172,47942.31 671351.0
2173,57315.75 671337.0
2174,73488.48 733872.0
2175,76851.99 719727.0
2176,72810.8 674199.0
2177,55104.26 543890.0
2178,1589.29 34131.0
2179,890.47 30238.0
2180,424.53 28645.0
2181,540.24 28002.0
2182,624.5 29105.0
2183,1062.27 35285.0
2184,2149.35 51559.0
2185,3114.07 60826.0
2186,4375.29 64748.0
2187,4743.01 66523.0
2188,4557.56 66305.0
2189,5547.72 67937.0
2190,5231.72 64112.0
2191,4710.21 62747.0
2192,4648.54 63264.0
2193,3942.13 63393.0
2194,4317.74 64608.0
2195,4405.25 64940.0
2196,5303.17 69322.0
2197,7059.46 72303.0
2198,8735.07 70815.0
2199,7624.54 64423.0
2200,5740.29 52818.0
2201,3264.02 41726.0
2202,1620.56 24509.0
2203,653.6 21384.0
2204,402.13 19762.0
2205,342.07 19237.0
2206,529.82 20318.0
2207,1193.63 28691.0
2208,1879.85 32800.0
2209,2295.58 31412.0
2210,2699.51 32212.0
2211,3164.14 34547.0
2212,3626.82 35007.0
2213,3833.34 37166.0
2214,3884.19 37899.0
2215,3582.44 35307.0
2216,3133.66 34291.0
2217,3391.88 34519.0
2218,2877.64 36134.0
2219,3222.07 41416.0
2220,4997.93 46179.0
2221,6252.74 50976.0
2222,7296.02 52793.0
2223,7303.98 49730.0
2224,5416.17 40577.0
2225,3131.22 30973.0
